date,actualHigh,predictedHigh,rf,lt,xg
2025-01-21 08:25:00,6096.0,6095.16184397519,1.0,0.0,1.0
2025-01-21 08:30:00,6096.0,6096.2291789794845,1.0,1.0,1.0
2025-01-21 08:35:00,6094.75,6094.581906606505,1.0,0.0,0.0
2025-01-21 08:40:00,6092.0,6092.777890597572,1.0,1.0,1.0
2025-01-21 08:45:00,6091.0,6090.631697451095,0.0,0.0,0.0
2025-01-21 08:50:00,6091.0,6091.241361875114,0.0,0.0,0.0
2025-01-21 08:55:00,6091.5,6091.767577207263,0.0,0.0,0.0
2025-01-21 09:00:00,6093.0,6093.005235737366,1.0,1.0,1.0
2025-01-21 09:05:00,6093.0,6093.443942859325,1.0,1.0,1.0
2025-01-21 09:10:00,6092.75,6091.784689571351,1.0,0.0,0.0
2025-01-21 09:15:00,6092.0,6092.904543831057,1.0,1.0,1.0
2025-01-21 09:20:00,6090.75,6091.532397577928,1.0,1.0,1.0
2025-01-21 09:25:00,6094.5,6091.71579908013,0.0,0.0,0.0
2025-01-21 09:30:00,6097.5,6096.566433116443,1.0,1.0,1.0
2025-01-21 09:35:00,6098.25,6098.680248806809,1.0,1.0,1.0
2025-01-21 09:40:00,6099.75,6098.093105098821,0.0,0.0,0.0
2025-01-21 09:45:00,6099.75,6100.004399073281,1.0,1.0,1.0
2025-01-21 09:50:00,6098.75,6098.268695967869,0.0,0.0,0.0
2025-01-21 09:55:00,6099.25,6098.99711244521,1.0,1.0,1.0
2025-01-21 10:00:00,6100.0,6100.100295574487,1.0,1.0,1.0
2025-01-21 10:05:00,6098.25,6096.7960039564905,1.0,1.0,1.0
2025-01-21 10:10:00,6100.25,6099.139148024882,1.0,1.0,1.0
2025-01-21 10:15:00,6101.25,6099.837311978425,1.0,1.0,1.0
2025-01-21 10:20:00,6101.5,6102.604907791808,1.0,1.0,1.0
2025-01-21 10:25:00,6102.25,6101.950193189586,0.0,0.0,0.0
2025-01-21 10:30:00,6105.75,6103.051744910732,1.0,1.0,1.0
2025-01-21 10:35:00,6105.5,6106.02812558785,1.0,1.0,1.0
2025-01-21 10:40:00,6107.75,6105.722583194028,0.0,0.0,0.0
2025-01-21 10:45:00,6105.5,6105.0726357815265,1.0,1.0,1.0
2025-01-21 10:50:00,6105.25,6106.303182061812,1.0,1.0,1.0
2025-01-21 10:55:00,6104.5,6105.444657567116,0.0,0.0,0.0
2025-01-21 11:00:00,6104.0,6103.961686664315,0.0,0.0,0.0
2025-01-21 11:05:00,6105.0,6104.899912408895,1.0,1.0,1.0
2025-01-21 11:10:00,6108.75,6104.799659797182,1.0,1.0,1.0
2025-01-21 11:15:00,6108.75,6109.649859848694,1.0,1.0,1.0
2025-01-21 11:20:00,6107.75,6105.89138242392,0.0,0.0,0.0
2025-01-21 11:25:00,6107.25,6108.051817790018,1.0,1.0,1.0
2025-01-21 11:30:00,6109.75,6108.200096972168,0.0,1.0,1.0
2025-01-21 11:35:00,6109.75,6109.746407256553,1.0,1.0,1.0
2025-01-21 11:40:00,6108.25,6109.320954698491,0.0,0.0,0.0
2025-01-21 11:45:00,6109.25,6108.19799580475,0.0,0.0,0.0
2025-01-21 11:50:00,6110.0,6109.661797403334,1.0,1.0,1.0
2025-01-21 11:55:00,6112.75,6109.3832959200545,0.0,1.0,1.0
2025-01-21 12:00:00,6117.25,6116.208025995358,1.0,1.0,1.0
2025-01-21 12:05:00,6120.0,6119.244088696754,1.0,1.0,1.0
2025-01-21 12:10:00,6118.25,6119.5731030448205,1.0,1.0,1.0
2025-01-21 12:15:00,6115.0,6114.441528182078,0.0,1.0,1.0
2025-01-21 12:20:00,6115.0,6115.502771267345,1.0,1.0,1.0
2025-01-21 12:25:00,6117.0,6115.225395722268,0.0,0.0,0.0
2025-01-21 12:30:00,6116.75,6117.168658854779,1.0,1.0,1.0
2025-01-21 12:35:00,6116.0,6116.747008941472,0.0,1.0,1.0
2025-01-21 12:40:00,6115.0,6115.986142352404,0.0,1.0,1.0
2025-01-21 12:45:00,6114.25,6114.8390916020935,0.0,0.0,0.0
2025-01-21 12:50:00,6113.25,6113.9934355080095,0.0,1.0,1.0
2025-01-21 12:55:00,6111.5,6112.8100480953335,0.0,0.0,0.0
2025-01-21 13:00:00,6110.25,6109.297548543707,0.0,1.0,1.0
2025-01-21 13:05:00,6112.0,6110.514963249587,0.0,1.0,1.0
2025-01-21 13:10:00,6112.25,6112.028259128249,1.0,1.0,1.0
2025-01-21 13:15:00,6112.25,6112.524872052809,0.0,0.0,0.0
2025-01-21 13:20:00,6107.0,6108.295175768762,0.0,1.0,1.0
2025-01-21 13:25:00,6107.0,6108.171724623381,1.0,1.0,1.0
2025-01-21 13:30:00,6107.0,6106.354734029287,0.0,0.0,0.0
2025-01-21 13:35:00,6108.5,6105.9779796636,0.0,1.0,0.0
2025-01-21 13:40:00,6109.0,6108.454950875883,1.0,1.0,1.0
2025-01-21 13:45:00,6108.0,6108.851391944011,1.0,1.0,1.0
2025-01-21 13:50:00,6107.5,6108.344089303945,0.0,0.0,0.0
2025-01-21 13:55:00,6106.75,6107.632817813431,0.0,0.0,0.0
2025-01-21 14:00:00,6104.0,6105.077515562294,0.0,0.0,0.0
2025-01-21 14:05:00,6106.0,6102.32426040144,1.0,1.0,1.0
2025-01-21 14:10:00,6105.75,6106.8407159527,1.0,1.0,1.0
2025-01-21 14:15:00,6108.25,6107.0505897242865,1.0,1.0,1.0
2025-01-21 14:20:00,6109.0,6108.6506177088195,1.0,1.0,1.0
2025-01-21 14:25:00,6110.5,6110.028823990533,1.0,1.0,1.0
2025-01-21 14:30:00,6110.5,6111.746791760817,1.0,1.0,1.0
2025-01-21 14:35:00,6111.75,6110.2337753505935,1.0,1.0,1.0
2025-01-21 14:40:00,6110.25,6110.997837006765,1.0,1.0,1.0
2025-01-21 14:45:00,6109.5,6108.677925157054,0.0,1.0,1.0
2025-01-21 14:50:00,6108.75,6108.048108934596,1.0,1.0,1.0
2025-01-21 14:55:00,6110.0,6108.9728563918325,1.0,1.0,1.0
2025-01-21 15:00:00,6111.0,6110.510753702614,1.0,1.0,1.0
2025-01-21 15:05:00,6111.0,6111.119996171617,1.0,1.0,1.0
2025-01-21 15:10:00,6110.75,6111.014510653594,1.0,1.0,1.0
2025-01-21 15:15:00,6110.5,6110.1174407199005,1.0,1.0,1.0
2025-01-21 15:20:00,6111.5,6110.811335678819,1.0,1.0,1.0
2025-01-21 15:25:00,6109.5,6110.344270419891,1.0,1.0,1.0
2025-01-21 15:30:00,6111.75,6108.851786099963,0.0,0.0,0.0
2025-01-21 15:35:00,6111.75,6112.499456995353,1.0,1.0,1.0
2025-01-21 15:40:00,6111.5,6111.7074329572015,0.0,1.0,1.0
2025-01-21 15:45:00,6115.0,6113.368714437269,1.0,1.0,1.0
2025-01-21 15:50:00,6115.5,6115.715855024971,1.0,1.0,1.0
2025-01-21 15:55:00,6116.25,6115.920848090657,0.0,0.0,0.0
2025-01-21 16:00:00,6118.0,6116.974016478109,1.0,1.0,0.0
2025-01-21 16:05:00,6117.5,6118.554880264305,1.0,1.0,1.0
2025-01-21 16:10:00,6115.5,6116.304861628676,0.0,1.0,1.0
2025-01-21 16:15:00,6116.5,6116.4537569576205,0.0,0.0,0.0
2025-01-21 16:20:00,6112.75,6114.313219253561,0.0,1.0,1.0
2025-01-21 16:30:00,6120.5,6118.881929447604,1.0,1.0,1.0
2025-01-21 16:35:00,6120.0,6120.526234801973,1.0,1.0,1.0
2025-01-21 16:40:00,6113.5,6114.1382433803155,1.0,1.0,1.0
2025-01-21 16:50:00,6122.5,6121.257911272143,1.0,1.0,1.0
2025-01-21 16:55:00,6116.0,6112.200329780232,1.0,1.0,1.0
2025-01-21 17:00:00,6115.25,6115.319677153745,1.0,1.0,1.0
2025-01-21 17:10:00,6113.25,6113.479521492515,1.0,1.0,1.0
2025-01-21 17:20:00,6111.75,6110.287999997756,1.0,1.0,1.0
2025-01-21 17:30:00,6114.75,6115.319500921485,1.0,1.0,1.0
2025-01-21 17:35:00,6112.25,6112.979625587509,1.0,0.0,1.0
2025-01-21 17:40:00,6115.75,6114.8880388061025,1.0,1.0,1.0
2025-01-21 17:45:00,6114.25,6116.351493808747,1.0,1.0,1.0
2025-01-21 17:50:00,6111.5,6112.919613179735,0.0,0.0,0.0
2025-01-21 17:55:00,6115.25,6113.325560469306,1.0,1.0,0.0
2025-01-21 18:00:00,6113.5,6117.3761177144415,1.0,1.0,1.0
2025-01-21 18:05:00,6118.5,6115.580688427201,0.0,0.0,0.0
2025-01-21 18:10:00,6118.0,6119.811027843407,1.0,1.0,1.0
2025-01-21 18:15:00,6118.25,6120.759122787673,0.0,0.0,0.0
2025-01-21 18:20:00,6119.25,6119.701858647084,0.0,0.0,0.0
2025-01-21 18:25:00,6118.5,6119.1881846688,1.0,1.0,1.0
2025-01-21 18:30:00,6120.25,6119.528113963877,1.0,0.0,1.0
2025-01-21 18:35:00,6120.25,6120.3776756004045,1.0,1.0,1.0
2025-01-21 18:40:00,6118.0,6116.705807118774,0.0,0.0,0.0
2025-01-21 18:45:00,6118.0,6116.637142148513,1.0,1.0,1.0
2025-01-21 18:50:00,6123.0,6120.502346707544,1.0,1.0,1.0
2025-01-21 18:55:00,6125.0,6124.711850406266,1.0,1.0,1.0
2025-01-21 19:00:00,6123.5,6125.839898068184,1.0,0.0,0.0
2025-01-21 19:05:00,6124.5,6125.169068435809,0.0,0.0,0.0
2025-01-21 19:10:00,6124.75,6125.345804361774,1.0,0.0,0.0
2025-01-21 19:15:00,6123.25,6124.082040294553,0.0,0.0,0.0
2025-01-21 19:20:00,6123.25,6122.19493051535,0.0,0.0,0.0
2025-01-21 19:25:00,6127.75,6124.346437305569,1.0,1.0,1.0
2025-01-21 19:30:00,6129.25,6128.634294045462,1.0,1.0,1.0
2025-01-21 19:35:00,6129.75,6131.337968439417,1.0,1.0,1.0
2025-01-21 19:40:00,6131.5,6129.895216313842,0.0,0.0,0.0
2025-01-21 19:45:00,6131.5,6131.666341446388,1.0,1.0,1.0
2025-01-21 19:50:00,6134.0,6132.200106529637,1.0,1.0,1.0
2025-01-21 19:55:00,6134.75,6133.570619923386,1.0,1.0,1.0
2025-01-21 20:00:00,6134.5,6135.134683308867,0.0,1.0,1.0
2025-01-21 20:05:00,6134.75,6135.2267540592275,0.0,0.0,0.0
2025-01-21 20:10:00,6135.5,6135.263550947621,0.0,0.0,0.0
2025-01-21 20:15:00,6138.75,6136.9447527438815,1.0,1.0,1.0
2025-01-21 20:20:00,6137.25,6137.768208559422,1.0,1.0,1.0
2025-01-21 20:25:00,6137.5,6137.812946518813,0.0,0.0,0.0
2025-01-21 20:30:00,6136.75,6136.982618382977,0.0,1.0,1.0
2025-01-21 20:35:00,6137.75,6136.253440430424,0.0,0.0,0.0
2025-01-21 20:40:00,6136.5,6136.694284190899,1.0,1.0,1.0
2025-01-21 20:45:00,6134.5,6135.174516830468,0.0,0.0,0.0
2025-01-21 20:50:00,6136.25,6133.67554931703,0.0,0.0,0.0
2025-01-21 20:55:00,6136.5,6135.537948327679,1.0,1.0,1.0
2025-01-21 21:00:00,6136.25,6136.937725324865,1.0,1.0,1.0
2025-01-21 21:05:00,6137.5,6136.596292144496,0.0,0.0,0.0
2025-01-21 21:10:00,6137.75,6137.063050361781,1.0,1.0,1.0
2025-01-21 21:15:00,6135.5,6136.2071451887105,0.0,1.0,1.0
2025-01-21 21:20:00,6132.0,6133.06990017555,0.0,0.0,0.0
2025-01-21 21:25:00,6135.0,6132.903573203406,0.0,0.0,0.0
2025-01-21 21:30:00,6134.0,6134.5019848410375,1.0,1.0,1.0
2025-01-21 21:35:00,6131.0,6132.183020295241,0.0,0.0,0.0
2025-01-21 21:40:00,6132.0,6131.2349907017,0.0,0.0,0.0
2025-01-21 21:45:00,6129.5,6130.586866675987,1.0,1.0,1.0
2025-01-21 21:50:00,6129.75,6130.524366543584,0.0,0.0,0.0
2025-01-21 21:55:00,6132.0,6131.088260169084,0.0,0.0,0.0
2025-01-21 22:00:00,6132.25,6133.141061821093,1.0,1.0,1.0
2025-01-21 22:05:00,6132.5,6132.875405436537,1.0,0.0,0.0
2025-01-21 22:10:00,6132.75,6133.398720913075,1.0,1.0,1.0
2025-01-21 22:15:00,6134.5,6133.998311824948,1.0,0.0,0.0
2025-01-21 22:20:00,6134.5,6135.111744008797,1.0,1.0,1.0
2025-01-21 22:25:00,6137.5,6134.879147275387,0.0,0.0,0.0
2025-01-21 22:30:00,6138.0,6137.941052633183,1.0,1.0,1.0
2025-01-21 22:35:00,6136.5,6136.39585924221,0.0,1.0,1.0
2025-01-21 22:40:00,6136.5,6137.323074648243,1.0,1.0,1.0
2025-01-21 22:45:00,6135.5,6137.126714125965,0.0,0.0,0.0
2025-01-21 22:50:00,6139.75,6137.163343722505,0.0,0.0,0.0
2025-01-21 22:55:00,6139.25,6139.127957233053,1.0,1.0,1.0
2025-01-21 23:00:00,6145.5,6142.3122885759885,1.0,1.0,1.0
2025-01-21 23:05:00,6145.5,6144.851994249103,1.0,1.0,1.0
2025-01-21 23:10:00,6142.5,6143.502808479096,1.0,1.0,1.0
2025-01-21 23:15:00,6141.75,6141.2142545115785,0.0,0.0,0.0
2025-01-21 23:20:00,6142.5,6141.476107802726,1.0,1.0,1.0
2025-01-21 23:25:00,6142.25,6142.781402765105,1.0,1.0,1.0
2025-01-21 23:30:00,6142.0,6142.45836399245,0.0,1.0,1.0
2025-01-21 23:35:00,6142.0,6142.379386802512,0.0,0.0,0.0
2025-01-21 23:40:00,6142.75,6142.776770302776,0.0,0.0,0.0
2025-01-21 23:45:00,6143.0,6143.496215516662,1.0,0.0,1.0
2025-01-21 23:50:00,6143.0,6143.5987871708285,0.0,0.0,0.0
2025-01-21 23:55:00,6144.75,6143.685252816761,0.0,0.0,0.0
2025-01-22 01:05:00,6146.5,6143.947798637293,1.0,1.0,1.0
2025-01-22 01:10:00,6147.25,6146.339969288258,1.0,1.0,1.0
2025-01-22 01:15:00,6147.0,6147.317929193881,1.0,1.0,1.0
2025-01-22 01:20:00,6145.25,6145.321892908781,0.0,0.0,0.0
2025-01-22 01:25:00,6145.75,6145.952046526708,1.0,1.0,1.0
2025-01-22 01:30:00,6145.0,6143.97895688364,0.0,0.0,0.0
2025-01-22 01:35:00,6146.0,6145.674349556342,1.0,1.0,1.0
2025-01-22 01:40:00,6146.0,6145.419819768994,0.0,1.0,1.0
2025-01-22 01:45:00,6148.0,6146.9764513914315,1.0,1.0,1.0
2025-01-22 01:50:00,6148.75,6149.077845293518,1.0,1.0,1.0
2025-01-22 01:55:00,6149.5,6148.9471862079645,1.0,1.0,1.0
2025-01-22 02:00:00,6150.0,6150.038456060448,1.0,1.0,1.0
2025-01-22 02:05:00,6150.0,6150.180883402366,1.0,1.0,1.0
2025-01-22 02:10:00,6150.5,6150.39558266944,0.0,0.0,0.0
2025-01-22 02:15:00,6149.25,6149.373220255988,0.0,0.0,0.0
2025-01-22 02:20:00,6150.25,6149.221002978438,1.0,0.0,0.0
2025-01-22 02:25:00,6150.0,6150.232241813482,1.0,1.0,1.0
2025-01-22 02:30:00,6151.25,6150.869641867147,0.0,0.0,0.0
2025-01-22 02:35:00,6152.0,6152.013280109534,1.0,1.0,1.0
2025-01-22 02:40:00,6152.0,6152.198545780064,0.0,0.0,0.0
2025-01-22 02:45:00,6154.25,6152.302197088213,0.0,0.0,0.0
2025-01-22 02:50:00,6153.5,6153.602764081098,1.0,1.0,1.0
2025-01-22 02:55:00,6154.0,6153.398934859667,0.0,0.0,0.0
2025-01-22 03:00:00,6153.25,6153.587838068348,1.0,1.0,1.0
2025-01-22 03:05:00,6151.0,6150.573614499339,0.0,0.0,1.0
2025-01-22 03:10:00,6150.0,6151.042067887082,1.0,1.0,1.0
2025-01-22 03:15:00,6152.0,6149.914441970725,0.0,1.0,1.0
2025-01-22 03:20:00,6151.75,6151.860040187373,1.0,1.0,1.0
2025-01-22 03:25:00,6151.75,6151.542182891365,0.0,0.0,0.0
2025-01-22 03:30:00,6151.75,6151.779000252713,1.0,0.0,1.0
2025-01-22 03:35:00,6151.75,6151.289528348226,1.0,0.0,0.0
2025-01-22 03:40:00,6151.25,6151.539130125235,1.0,0.0,1.0
2025-01-22 03:45:00,6152.25,6151.711935624394,0.0,0.0,0.0
2025-01-22 03:50:00,6153.5,6152.441109757652,1.0,1.0,1.0
2025-01-22 03:55:00,6153.25,6153.48221876575,1.0,1.0,1.0
2025-01-22 04:00:00,6153.25,6153.11811725847,0.0,1.0,1.0
2025-01-22 04:05:00,6154.5,6153.352656539673,1.0,1.0,1.0
2025-01-22 04:10:00,6154.5,6154.591542884136,1.0,1.0,1.0
2025-01-22 04:15:00,6154.75,6154.784539611717,1.0,0.0,0.0
2025-01-22 04:20:00,6154.25,6154.056023390524,0.0,0.0,0.0
2025-01-22 04:25:00,6154.0,6153.791152289512,1.0,0.0,0.0
2025-01-22 04:30:00,6154.25,6154.021279557056,1.0,0.0,0.0
2025-01-22 04:35:00,6154.75,6154.270498696958,1.0,0.0,0.0
2025-01-22 04:40:00,6154.0,6154.271767268368,1.0,1.0,1.0
2025-01-22 04:45:00,6153.0,6152.669866960912,1.0,1.0,1.0
2025-01-22 04:50:00,6152.75,6152.73244726823,0.0,0.0,1.0
2025-01-22 04:55:00,6152.5,6152.613327868169,0.0,0.0,0.0
2025-01-22 05:00:00,6153.25,6152.7669516167925,0.0,0.0,0.0
2025-01-22 05:05:00,6152.25,6152.767232991134,1.0,1.0,1.0
2025-01-22 05:10:00,6154.25,6152.553190203455,0.0,0.0,0.0
2025-01-22 05:15:00,6154.5,6154.040556205686,1.0,1.0,1.0
2025-01-22 05:20:00,6153.25,6152.998100359394,1.0,1.0,1.0
2025-01-22 05:25:00,6153.25,6153.484657004129,1.0,1.0,1.0
2025-01-22 05:30:00,6154.0,6153.530227726626,1.0,1.0,1.0
2025-01-22 05:35:00,6154.25,6153.92127700995,1.0,1.0,1.0
2025-01-22 05:40:00,6155.0,6154.094619073188,1.0,0.0,0.0
2025-01-22 05:45:00,6154.5,6154.375383049895,1.0,1.0,1.0
2025-01-22 05:50:00,6154.0,6153.746618410287,0.0,0.0,0.0
2025-01-22 05:55:00,6154.75,6153.924686078754,1.0,1.0,1.0
2025-01-22 06:00:00,6154.5,6154.591292254075,1.0,1.0,1.0
2025-01-22 06:05:00,6154.25,6154.614700321217,1.0,0.0,0.0
2025-01-22 06:10:00,6154.0,6153.78390955346,1.0,1.0,1.0
2025-01-22 06:15:00,6153.75,6153.883299567888,1.0,1.0,1.0
2025-01-22 06:20:00,6153.5,6153.346252779247,1.0,1.0,1.0
2025-01-22 06:25:00,6153.5,6153.542496908353,1.0,0.0,1.0
2025-01-22 06:30:00,6155.25,6154.610230800891,1.0,0.0,0.0
2025-01-22 06:35:00,6157.25,6155.881855711001,1.0,1.0,1.0
2025-01-22 06:40:00,6157.25,6157.257666634242,1.0,1.0,1.0
2025-01-22 06:45:00,6156.25,6156.082706328462,0.0,0.0,0.0
2025-01-22 06:50:00,6156.5,6156.0156774718225,1.0,1.0,1.0
2025-01-22 06:55:00,6156.75,6156.371127222535,1.0,1.0,1.0
2025-01-22 07:00:00,6156.5,6156.537484896181,1.0,0.0,0.0
2025-01-22 07:05:00,6156.25,6155.985842195329,1.0,0.0,0.0
2025-01-22 07:10:00,6156.0,6155.857523074576,1.0,0.0,0.0
2025-01-22 07:15:00,6156.0,6155.553752599088,0.0,0.0,0.0
2025-01-22 07:20:00,6155.5,6155.573006206333,0.0,0.0,0.0
2025-01-22 07:25:00,6155.5,6155.411505564625,1.0,1.0,1.0
2025-01-22 07:30:00,6155.25,6155.144911627001,1.0,0.0,0.0
2025-01-22 07:35:00,6155.5,6154.996474734644,1.0,0.0,0.0
2025-01-22 07:40:00,6155.5,6155.132759065654,1.0,1.0,1.0
2025-01-22 07:45:00,6155.5,6155.444304173898,1.0,1.0,1.0
2025-01-22 07:50:00,6155.5,6154.913220088559,1.0,1.0,1.0
2025-01-22 07:55:00,6155.5,6155.2870704493425,1.0,1.0,1.0
2025-01-22 08:00:00,6155.5,6155.371426951117,1.0,0.0,0.0
2025-01-22 08:05:00,6155.75,6155.162018866508,1.0,0.0,0.0
2025-01-22 08:10:00,6155.75,6154.945630152264,1.0,1.0,1.0
2025-01-22 08:15:00,6155.75,6155.588021601287,1.0,1.0,1.0
2025-01-22 08:20:00,6154.75,6154.967460677353,0.0,0.0,0.0
2025-01-22 08:25:00,6154.0,6153.812021918244,1.0,1.0,1.0
2025-01-22 08:30:00,6153.5,6153.566545109653,0.0,0.0,1.0
2025-01-22 08:35:00,6153.75,6153.491971264797,1.0,1.0,1.0
2025-01-22 08:40:00,6154.0,6153.547373978848,1.0,1.0,1.0
2025-01-22 08:45:00,6154.0,6154.06239701119,1.0,1.0,1.0
2025-01-22 08:50:00,6153.0,6153.124938003407,1.0,0.0,0.0
2025-01-22 08:55:00,6151.75,6152.184827524002,0.0,0.0,0.0
2025-01-22 09:00:00,6151.75,6152.023708953951,0.0,0.0,0.0
2025-01-22 09:05:00,6152.75,6151.921498886812,0.0,0.0,0.0
2025-01-22 09:10:00,6154.75,6153.043333568507,1.0,1.0,1.0
2025-01-22 09:15:00,6153.0,6153.949513925032,1.0,1.0,1.0
2025-01-22 09:20:00,6153.0,6153.226692138404,1.0,1.0,1.0
2025-01-22 09:25:00,6153.75,6152.721288340462,1.0,1.0,1.0
2025-01-22 09:30:00,6154.25,6154.011896188128,1.0,1.0,1.0
2025-01-22 09:35:00,6155.0,6154.129698433358,1.0,1.0,1.0
2025-01-22 09:40:00,6154.75,6154.845104930758,1.0,1.0,1.0
2025-01-22 09:45:00,6154.25,6154.533470658474,1.0,0.0,0.0
2025-01-22 09:50:00,6152.5,6152.929399554855,1.0,1.0,1.0
2025-01-22 09:55:00,6152.25,6152.042478966352,0.0,0.0,0.0
2025-01-22 10:00:00,6155.5,6153.8893956840175,1.0,1.0,1.0
2025-01-22 10:05:00,6155.25,6156.017047703076,1.0,1.0,1.0
2025-01-22 10:10:00,6156.0,6155.714317094183,1.0,0.0,0.0
2025-01-22 10:15:00,6159.25,6157.655831902095,1.0,1.0,1.0
2025-01-22 10:20:00,6159.25,6159.964759853338,1.0,1.0,1.0
2025-01-22 10:25:00,6158.5,6159.077421745195,1.0,1.0,1.0
2025-01-22 10:30:00,6160.25,6159.203164353564,0.0,1.0,1.0
2025-01-22 10:35:00,6160.5,6159.193105630099,1.0,1.0,1.0
2025-01-22 10:40:00,6161.5,6159.920213076574,1.0,1.0,1.0
2025-01-22 10:45:00,6160.25,6160.290210779964,1.0,1.0,1.0
2025-01-22 10:50:00,6161.25,6160.5609010731205,1.0,0.0,0.0
2025-01-22 10:55:00,6162.25,6161.425111765518,1.0,1.0,1.0
2025-01-22 11:00:00,6162.5,6162.711484820495,1.0,1.0,1.0
2025-01-22 11:05:00,6162.0,6162.43499395757,1.0,0.0,1.0
2025-01-22 11:10:00,6165.0,6162.456647738872,0.0,0.0,0.0
2025-01-22 11:15:00,6166.5,6165.485116448248,1.0,1.0,1.0
2025-01-22 11:20:00,6165.25,6164.602290972908,1.0,1.0,1.0
2025-01-22 11:25:00,6166.5,6165.1728920709775,1.0,1.0,1.0
2025-01-22 11:30:00,6167.0,6166.473351855349,1.0,1.0,1.0
2025-01-22 11:35:00,6165.25,6165.40250282804,1.0,1.0,1.0
2025-01-22 11:40:00,6164.5,6164.415418085373,1.0,0.0,0.0
2025-01-22 11:45:00,6163.5,6163.534978196773,1.0,1.0,1.0
2025-01-22 11:50:00,6164.25,6163.779284598212,0.0,0.0,0.0
2025-01-22 11:55:00,6165.0,6164.106725003204,1.0,1.0,1.0
2025-01-22 12:00:00,6163.0,6163.585788328487,1.0,1.0,1.0
2025-01-22 12:05:00,6163.5,6162.774885399166,0.0,1.0,1.0
2025-01-22 12:10:00,6163.0,6163.511193054026,1.0,1.0,1.0
2025-01-22 12:15:00,6162.0,6161.641006513664,0.0,0.0,0.0
2025-01-22 12:20:00,6161.5,6161.329908066665,0.0,1.0,1.0
2025-01-22 12:25:00,6162.75,6162.04327013514,0.0,0.0,1.0
2025-01-22 12:30:00,6163.5,6163.626484789247,1.0,1.0,1.0
2025-01-22 12:35:00,6164.75,6163.513557083673,1.0,1.0,1.0
2025-01-22 12:40:00,6165.0,6164.990819306026,1.0,1.0,1.0
2025-01-22 12:45:00,6164.75,6164.007913849973,0.0,0.0,0.0
2025-01-22 12:50:00,6163.75,6164.068641501002,1.0,1.0,1.0
2025-01-22 12:55:00,6164.5,6163.529132797668,1.0,1.0,1.0
2025-01-22 13:00:00,6164.0,6164.600792811065,1.0,1.0,1.0
2025-01-22 13:05:00,6165.25,6164.781036102314,1.0,1.0,1.0
2025-01-22 13:10:00,6167.5,6165.7030371320225,1.0,1.0,1.0
2025-01-22 13:15:00,6166.75,6167.345956334095,1.0,1.0,1.0
2025-01-22 13:20:00,6167.0,6166.476489247533,1.0,1.0,1.0
2025-01-22 13:25:00,6165.5,6165.833049563929,1.0,1.0,1.0
2025-01-22 13:30:00,6165.0,6164.950623377836,1.0,0.0,0.0
2025-01-22 13:35:00,6164.0,6164.067795106618,1.0,1.0,1.0
2025-01-22 13:40:00,6163.0,6163.141012460861,0.0,0.0,0.0
2025-01-22 13:45:00,6163.0,6162.690446146381,0.0,0.0,0.0
2025-01-22 13:50:00,6162.75,6162.101578824642,0.0,0.0,0.0
2025-01-22 13:55:00,6162.75,6162.789026264029,1.0,1.0,1.0
2025-01-22 14:00:00,6165.0,6163.652345766542,0.0,0.0,0.0
2025-01-22 14:05:00,6164.25,6164.601852160538,1.0,1.0,1.0
2025-01-22 14:10:00,6167.75,6164.6393620975405,1.0,0.0,0.0
2025-01-22 14:15:00,6167.0,6167.4532594848115,1.0,1.0,1.0
2025-01-22 14:20:00,6167.25,6166.771103169828,1.0,1.0,1.0
2025-01-22 14:25:00,6165.25,6165.911468786021,1.0,1.0,1.0
2025-01-22 14:30:00,6166.25,6165.192033358764,1.0,1.0,1.0
2025-01-22 14:35:00,6166.5,6166.032135465161,1.0,1.0,1.0
2025-01-22 14:40:00,6166.75,6165.034050515945,1.0,0.0,1.0
2025-01-22 14:45:00,6166.25,6166.541223972209,1.0,1.0,1.0
2025-01-22 14:50:00,6167.0,6166.7125302894165,0.0,0.0,0.0
2025-01-22 14:55:00,6168.75,6167.045124832615,1.0,1.0,1.0
2025-01-22 15:00:00,6166.25,6166.3600117553615,1.0,1.0,1.0
2025-01-22 15:05:00,6167.75,6167.000695164952,1.0,1.0,1.0
2025-01-22 15:10:00,6170.0,6168.411084806426,1.0,1.0,1.0
2025-01-22 15:15:00,6170.5,6170.250493112428,1.0,1.0,1.0
2025-01-22 15:20:00,6169.75,6170.234284691086,1.0,1.0,1.0
2025-01-22 15:25:00,6170.75,6169.274920806338,0.0,0.0,0.0
2025-01-22 15:30:00,6170.75,6170.607896945,1.0,1.0,1.0
2025-01-22 15:35:00,6171.0,6170.644903515657,0.0,0.0,0.0
2025-01-22 15:40:00,6171.0,6169.818773928536,0.0,0.0,0.0
2025-01-22 15:45:00,6170.75,6171.104349374437,1.0,1.0,1.0
2025-01-22 15:50:00,6171.25,6170.873815260274,1.0,1.0,1.0
2025-01-22 15:55:00,6171.0,6170.800848210678,1.0,1.0,1.0
2025-01-22 16:00:00,6171.75,6171.644976125373,1.0,0.0,0.0
2025-01-22 16:05:00,6170.0,6170.47449661903,1.0,1.0,1.0
2025-01-22 16:10:00,6168.25,6168.992680861726,0.0,0.0,0.0
2025-01-22 16:15:00,6168.75,6167.158647215568,0.0,0.0,0.0
2025-01-22 16:20:00,6167.25,6168.135861834643,1.0,1.0,1.0
2025-01-22 16:25:00,6169.5,6167.598147349925,1.0,1.0,1.0
2025-01-22 16:30:00,6170.0,6169.614839994343,1.0,1.0,1.0
2025-01-22 16:35:00,6167.5,6169.037394279302,1.0,1.0,1.0
2025-01-22 16:40:00,6167.75,6167.796557088249,0.0,0.0,0.0
2025-01-22 16:45:00,6169.5,6169.547832644405,1.0,1.0,1.0
2025-01-22 16:50:00,6173.25,6171.5624979326185,1.0,1.0,1.0
2025-01-22 16:55:00,6175.0,6173.754644300734,1.0,1.0,1.0
2025-01-22 17:00:00,6176.5,6176.962034493395,1.0,1.0,1.0
2025-01-22 17:05:00,6177.25,6176.620223481475,1.0,1.0,1.0
2025-01-22 17:10:00,6178.75,6177.134077480848,1.0,1.0,1.0
2025-01-22 17:15:00,6180.0,6178.4701647781585,1.0,1.0,1.0
2025-01-22 17:20:00,6179.5,6180.110745908382,1.0,1.0,1.0
2025-01-22 17:25:00,6177.75,6177.567352820981,0.0,0.0,0.0
2025-01-22 17:30:00,6178.0,6178.261687972767,1.0,1.0,1.0
2025-01-22 17:35:00,6180.25,6178.669129917423,1.0,1.0,1.0
2025-01-22 17:40:00,6179.5,6179.709660902824,1.0,1.0,1.0
2025-01-22 17:45:00,6179.5,6180.13818973198,1.0,1.0,1.0
2025-01-22 17:50:00,6178.25,6179.239491628024,0.0,0.0,0.0
2025-01-22 17:55:00,6177.25,6177.733887223622,0.0,1.0,1.0
2025-01-22 18:00:00,6175.25,6175.557650293829,0.0,0.0,0.0
2025-01-22 18:05:00,6177.25,6175.151519712976,0.0,0.0,0.0
2025-01-22 18:10:00,6176.25,6176.950553736043,1.0,1.0,1.0
2025-01-22 18:15:00,6177.0,6174.852004716825,1.0,1.0,1.0
2025-01-22 18:20:00,6177.5,6177.331056026261,1.0,1.0,1.0
